ID;Lig;Takým;Overall;Atak;Ortasaha;Defans;
1.; English Premier League;Manchester City;85;87;86;83;
2.; Spain Primera Division;Real Madrid CF;85;85;85;83;
3.; German 1. Bundesliga;FC Bayern München;84;90;84;83;
4.; Spain Primera Division;FC Barcelona;84;84;84;83;
5.; English Premier League;Liverpool;83;84;82;84;
6.; French Ligue 1;Paris Saint-Germain;83;86;79;83;
7.; Spain Primera Division;Atlético de Madrid;83;85;82;81;
8.; Italian Serie A;Inter;82;81;82;82;
9.; English Premier League;Arsenal;82;82;84;81;
10.; English Premier League;Manchester United;82;82;83;80;
11.; English Premier League;Newcastle United;81;79;81;82;
12.; English Premier League;Tottenham Hotspur;81;81;80;79;
13.; German 1. Bundesliga;Borussia Dortmund;81;81;81;81;
14.; Italian Serie A;Napoli;81;82;82;80;
15.; English Premier League;Aston Villa;80;82;79;79;
16.; English Premier League;Chelsea;80;77;81;78;
17.; German 1. Bundesliga;Bayer 04 Leverkusen;80;81;81;79;
18.; German 1. Bundesliga;RB Leipzig;80;82;79;79;
19.; Italian Serie A;Juventus;80;81;80;79;
20.; Italian Serie A;Lazio;80;81;79;80;
21.; Italian Serie A;AC Milan;80;81;79;81;
22.; Italian Serie A;Roma;80;82;78;81;
23.; Spain Primera Division;Sevilla FC;80;80;79;82;
24.; Spain Primera Division;Athletic Club de Bilbao;79;77;79;77;
25.; Spain Primera Division;Real Betis Balompié;79;83;79;77;
26.; Spain Primera Division;Real Sociedad;79;79;81;79;
27.; Spain Primera Division;Villarreal CF;79;79;80;77;
28.; Portuguese Primeira Liga;SL Benfica;79;80;81;77;
29.; English Premier League;West Ham United;78;78;79;78;
30.; Italian Serie A;Fiorentina;78;78;77;78;
31.; Italian Serie A;Atalanta;78;79;77;77;
32.; Turkish Süper Lig;Galatasaray SK;78;80;79;78;
33.; French Ligue 1;Olympique de Marseille;78;77;78;78;
34.; Portuguese Primeira Liga;FC Porto;78;78;78;77;
35.; English Premier League;AFC Richmond;78;81;79;77;
36.; English Premier League;Everton;77;79;77;75;
37.; English Premier League;Nottingham Forest;77;75;77;75;
38.; English Premier League;Brighton & Hove Albion;77;77;77;78;
39.; German 1. Bundesliga;1. FC Union Berlin;77;77;75;77;
40.; French Ligue 1;Racing Club de Lens;77;77;76;77;
41.; French Ligue 1;AS Monaco;77;81;77;75;
42.; Turkish Süper Lig;Fenerbahçe SK;77;78;76;74;
43.; Saudi Professional League;Al Hilal;77;79;79;74;
44.; Saudi Professional League;Al Ittihad;77;83;79;70;
45.; English Premier League;Fulham;77;76;77;76;
46.; German 1. Bundesliga;VfL Wolfsburg;77;76;78;75;
47.; Spain Primera Division;CA Osasuna;77;77;77;77;
48.; Portuguese Primeira Liga;Sporting CP;77;78;77;78;
49.; English Premier League;Crystal Palace;76;75;76;76;
50.; Saudi Professional League;Al Nassr;76;86;77;74;
51.; Campeonato Brasileiro Série A;Flamengo;76;77;76;75;
52.; German 1. Bundesliga;Borussia Mönchengladbach;76;75;76;75;
53.; German 1. Bundesliga;Sport-Club Freiburg;76;76;76;77;
54.; German 1. Bundesliga;Eintracht Frankfurt;76;76;76;75;
55.; German 1. Bundesliga;TSG Hoffenheim;76;77;76;75;
56.; French Ligue 1;LOSC Lille;76;77;75;75;
57.; French Ligue 1;Olympique Lyonnais;76;77;75;76;
58.; Spain Primera Division;Getafe CF;76;82;76;75;
59.; French Ligue 1;OGC Nice;76;77;76;75;
60.; French Ligue 1;Stade Rennais FC;76;77;78;74;
61.; Argentina Primera División;River Plate;76;75;77;75;
62.; Portuguese Primeira Liga;SC Braga;76;77;77;75;
63.; English Premier League;Wolverhampton Wanderers;76;75;77;76;
64.; Campeonato Brasileiro Série A;Palmeiras;76;78;77;74;
65.; English Premier League;Brentford;76;75;76;76;
66.; Spain Primera Division;RC Celta de Vigo;76;79;76;75;
67.; Spain Primera Division;RCD Mallorca;76;77;77;74;
68.; Spain Primera Division;Rayo Vallecano;76;76;77;77;
69.; Spain Primera Division;Girona FC;76;77;76;76;
70.; Holland Eredivisie;Feyenoord;76;76;74;77;
71.; Holland Eredivisie;PSV;76;78;74;75;
72.; Campeonato Brasileiro Série A;Clube Atlético Mineiro;75;77;75;76;
73.; Greek Super League;AEK Athens;75;76;75;74;
74.; Italian Serie A;Torino F.C.;75;76;74;76;
75.; Spain Primera Division;Unión Deportiva Almería;75;75;74;74;
76.; Turkish Süper Lig;Beþiktaþ JK;75;75;76;75;
77.; Argentina Primera División;Boca Juniors;75;76;73;75;
78.; English Premier League;Leicester City;75;73;76;75;
79.; Italian Serie A;U.S. Sassuolo Calcio;75;78;73;72;
80.; English Premier League;AFC Bournemouth;75;75;75;74;
81.; German 1. Bundesliga;1. FSV Mainz 05;75;77;75;74;
82.; Spain Primera Division;Cádiz CF;75;74;75;73;
83.; Italian Serie A;AC Monza;75;75;75;74;
84.; Spain Primera Division;Valencia CF;75;74;74;76;
85.; Holland Eredivisie;Ajax;75;77;74;73;
86.; Spanish Segunda División;Unión Deportiva Las Palmas;74;75;75;72;
87.; Belgian Pro League;RSC Anderlecht;74;72;75;71;
88.; Belgian Pro League;Club Brugge KV;74;72;74;72;
89.; English League Championship;Burnley;74;69;74;73;
90.; Campeonato Brasileiro Série A;Club Athletico Paranaense;74;74;72;76;
91.; Campeonato Brasileiro Série A;Internacional;74;71;74;75;
92.; German 1. Bundesliga;1. FC Köln;74;73;74;73;
93.; German 1. Bundesliga;SV Werder Bremen;74;75;74;74;
94.; Italian Serie A;Udinese Calcio;74;74;73;74;
95.; German 1. Bundesliga;FC Augsburg;74;72;74;74;
96.; Scottish Premiership;Celtic;74;74;75;71;
97.; Campeonato Brasileiro Série A;RB Bragantino;74;74;73;75;
98.; Greek Super League;Panathinaikos FC;74;74;75;72;
99.; Turkish Süper Lig;Trabzonspor;74;73;75;71;
100.; Italian Serie A;Bologna;74;73;76;73;
101.; Spain Primera Division;RCD Espanyol de Barcelona;74;76;74;74;
102.; Italian Serie A;Hellas Verona;74;71;74;74;
103.; English League Championship;Sheffield United;73;72;74;72;
104.; English Premier League;Leeds United;73;72;72;72;
105.; Czech First League;SK Slavia Praha;73;71;74;74;
106.; Czech First League;AC Sparta Praha;73;73;73;74;
107.; English Premier League;Southampton;73;71;70;74;
108.; Campeonato Brasileiro Série A;Sport Club Corinthians Paulista;73;74;73;74;
109.; Campeonato Brasileiro Série A;Santos;73;74;73;72;
110.; German 1. Bundesliga;VfB Stuttgart;73;76;73;73;
111.; Italian Serie A;US Salernitana 1919;73;74;73;71;
112.; French Ligue 1;Montpellier Hérault SC;73;68;75;73;
113.; French Ligue 1;FC Nantes;73;73;73;73;
114.; Scottish Premiership;Rangers FC;73;72;74;74;
115.; Campeonato Brasileiro Série A;São Paulo;73;72;73;73;
116.; Holland Eredivisie;AZ Alkmaar;73;71;73;71;
117.; French Ligue 1;Stade de Reims;73;69;75;72;
118.; Czech First League;FC Viktoria Plze?;73;72;73;72;
119.; German 1. Bundesliga;VfL Bochum 1848;73;74;73;73;
120.; Belgian Pro League;KRC Genk;73;71;72;73;
121.; Austrian Football Bundesliga;FC Red Bull Salzburg;73;69;73;73;
122.; Italian Serie A;Empoli;73;74;74;72;
123.; French Ligue 1;FC Lorient;73;73;73;73;
124.; Italian Serie B;Genoa;73;76;73;71;
125.; Argentina Primera División;Racing Club;73;74;73;73;
126.; Belgian Pro League;Royal Antwerp FC;73;76;72;73;
127.; Spanish Segunda División;Granada CF;73;76;72;72;
128.; USA Major League Soccer;Inter Miami CF;73;77;71;72;
129.; English League Championship;Norwich City;72;70;72;71;
130.; French Ligue 1;Clermont Foot 63;72;71;72;71;
131.; Argentina Primera División;Club Atlético Talleres;72;71;72;71;
132.; Italian Serie B;Cagliari;72;72;72;71;
133.; Danish Superliga;F.C. København;72;70;73;72;
134.; Campeonato Brasileiro Série A;Fluminense;72;74;72;72;
135.; French Ligue 1;RC Strasbourg Alsace;72;72;72;72;
136.; Italian Serie A;Lecce;72;74;68;72;
137.; USA Major League Soccer;Los Angeles FC;72;75;71;72;
138.; French Ligue 1;Stade Brestois 29;72;72;73;72;
139.; English League Championship;Luton Town;72;72;72;72;
140.; Greek Super League;PAOK;72;72;73;70;
141.; Turkish Süper Lig;Adana Demirspor;72;71;74;73;
142.; Belgian Pro League;KAA Gent;72;73;72;70;
143.; Spain Primera Division;Real Valladolid CF;72;71;72;72;
144.; Spanish Segunda División;Deportivo Alavés;72;73;73;73;
145.; Spain Primera Division;Elche CF;72;73;71;71;
146.; Argentina Primera División;Estudiantes de La Plata;72;73;72;72;
147.; Argentina Primera División;San Lorenzo de Almagro;72;71;72;73;
148.; Campeonato Brasileiro Série A;Atlético Clube Goianiense;72;71;71;73;
149.; Campeonato Brasileiro Série A;Ceará Sporting Club;72;71;72;72;
150.; USA Major League Soccer;Philadelphia Union;71;71;71;71;
151.; Croatian First Football League;Hajduk Split;71;77;70;70;
152.; English League Championship;Middlesbrough;71;69;70;71;
153.; Ecuadorian Serie A;Independiente del Valle;71;71;73;69;
154.; Argentina Primera División;Club Atlético Independiente;71;71;72;71;
155.; French Ligue 1;Toulouse Football Club;71;75;71;72;
156.; French Ligue 2;AS Saint-Étienne;71;70;70;71;
157.; German 2. Bundesliga;Hamburger SV;71;71;71;70;
158.; German 1. Bundesliga;FC Schalke 04;71;71;70;71;
159.; Saudi Professional League;Al Shabab;71;74;70;70;
160.; Argentina Primera División;Club Atlético Lanús;71;71;71;71;
161.; Spanish Segunda División;Levante Unión Deportiva;71;70;70;71;
162.; Argentina Primera División;Club Atlético Colón;71;69;71;71;
163.; Italian Serie A;US Cremonese;71;72;72;70;
164.; Hungarian Nemzeti Bajnokság I;Ferencvárosi TC;71;71;71;70;
165.; Argentina Primera División;Defensa y Justicia;71;72;71;70;
166.; Portuguese Primeira Liga;Vitória de Guimarães;71;70;72;69;
167.; English League Championship;West Bromwich Albion;71;70;72;70;
168.; Holland Eredivisie;FC Twente;71;70;70;73;
169.; German 2. Bundesliga;1. FC Heidenheim 1846;71;72;70;71;
170.; Swiss Super League;BSC Young Boys;71;74;69;69;
171.; Ecuadorian Serie A;Barcelona Sporting Club;71;73;71;70;
172.; Turkish Süper Lig;Ýstanbul Baþakþehir FK;71;73;71;71;
173.; Paraguayan Primera División;Club Libertad;71;71;68;70;
174.; German 1. Bundesliga;Hertha BSC;71;70;70;72;
175.; German 2. Bundesliga;SV Darmstadt 98;71;69;71;71;
176.; Argentina Primera División;Argentinos Juniors;71;72;71;71;
177.; Ukrainian Premier League;Dynamo Kyiv;71;69;71;70;
178.; Ukrainian Premier League;Shakhtar Donetsk;71;74;71;70;
179.; Campeonato Brasileiro Série A;Fortaleza;71;71;71;72;
180.; Croatian First Football League;Dinamo Zagreb;71;70;72;71;
181.; Spanish Segunda División;SD Eibar;71;71;72;71;
182.; Danish Superliga;FC Midtjylland;71;69;70;72;
183.; South African Premier Division;Mamelodi Sundowns FC;71;67;70;69;
184.; English League Championship;Watford;70;70;71;69;
185.; Spanish Segunda División;CD Tenerife;70;72;70;70;
186.; English League Championship;Coventry City;70;71;71;70;
187.; English League Championship;Preston North End;70;69;70;68;
188.; Turkish Süper Lig;Fatih Karagümrük S.K.;70;71;69;70;
189.; English League Championship;Stoke City;70;71;70;69;
190.; Danish Superliga;Aarhus GF;70;71;68;69;
191.; USA Major League Soccer;Minnesota United FC;70;75;70;67;
192.; USA Major League Soccer;Portland Timbers;70;68;71;67;
193.; USA Major League Soccer;Seattle Sounders FC;70;71;73;69;
194.; Italian Serie B;Frosinone;70;70;70;67;
195.; German 2. Bundesliga;Fortuna Düsseldorf;70;69;70;70;
196.; Italian Serie B;Parma;70;68;69;65;
197.; Italian Serie B;Palermo;70;72;70;70;
198.; USA Major League Soccer;San Jose Earthquakes;70;72;71;68;
199.; Swedish Allsvenskan;Malmö FF;70;71;70;70;
200.; French Ligue 2;FC Metz;70;69;68;71;
201.; Scottish Premiership;Heart of Midlothian;70;71;67;69;
202.; Argentina Primera División;Atlético Tucumán;70;69;71;69;
203.; Argentina Primera División;Club Atlético Huracán;70;70;71;69;
204.; English League Championship;Millwall;70;72;71;70;
205.; Argentina Primera División;Club Atlético Tigre;70;70;71;70;
206.; Holland Eredivisie;FC Utrecht;70;67;70;70;
207.; Campeonato Brasileiro Série A;América Futebol Clube;70;67;69;71;
208.; Portuguese Primeira Liga;FC Arouca;70;70;69;70;
209.; Chilean Primera División;Colo-Colo;70;68;72;68;
210.; Ecuadorian Serie A;LDU Quito;70;71;71;70;
211.; Turkish Süper Lig;MKE Ankaragücü;70;71;70;68;
212.; Italian Serie B;Pisa;70;66;70;67;
213.; Italian Serie A;Spezia;70;69;72;70;
214.; Norwegian Eliteserien;FK Bodø/Glimt;70;69;71;71;
215.; Belgian Pro League;Royal Charleroi S.C.;70;69;71;67;
216.; English League Championship;Hull City;70;69;71;70;
217.; Peruvian Primera División;Club Alianza Lima;70;72;70;71;
218.; English League Championship;Cardiff City;70;70;71;68;
219.; Turkish Süper Lig;Ýttifak Holding Konyaspor;70;68;70;70;
220.; Portuguese Primeira Liga;Futebol Clube de Famalicão;70;71;69;70;
221.; USA Major League Soccer;New England Revolution;70;70;71;69;
222.; USA Major League Soccer;LA Galaxy;70;70;69;68;
223.; Korean K League 1;Ulsan Hyundai FC;70;72;69;69;
224.; Korean K League 1;Jeonbuk Hyundai Motors;70;69;70;70;
225.; French Ligue 2;Le Havre AC;70;70;70;71;
226.; Spanish Segunda División;Real Sporting de Gijón;70;69;69;71;
227.; Austrian Football Bundesliga;SK Sturm Graz;70;69;71;70;
228.; Italian Serie B;Como;70;71;70;68;
229.; Uruguayan Primera División;Club Nacional de Football;70;70;70;69;
230.; Belgian Pro League;Royale Union Saint-Gilloise;70;68;70;71;
231.; Argentina Primera División;Vélez Sarsfield;70;73;70;71;
232.; Saudi Professional League;Ettifaq FC;70;73;73;64;
233.; German 2. Bundesliga;Hannover 96;70;67;70;70;
234.; Belgian Pro League;Standard de Liège;70;69;68;68;
235.; Portuguese Primeira Liga;Rio Ave FC;70;69;70;70;
236.; Spanish Segunda División;Real Oviedo;70;69;71;70;
237.; Colombian Categoría Primera A;Atlético Nacional;70;69;70;70;
238.; Colombian Categoría Primera A;Independiente Medellín;70;71;70;68;
239.; Spanish Segunda División;Real Zaragoza;70;70;70;70;
240.; Paraguayan Primera División;Club Olimpia;70;69;69;69;
241.; Argentina Primera División;Rosario Central;70;64;71;70;
242.; Uruguayan Primera División;Club Atlético Peñarol;70;72;70;69;
243.; USA Major League Soccer;FC Cincinnati;70;70;72;67;
244.; Colombian Categoría Primera A;América de Cali;70;70;70;70;
245.; Campeonato Brasileiro Série A;Cuiabá;70;69;70;71;
246.; English League Championship;Blackburn Rovers;69;70;69;70;
247.; Portuguese Primeira Liga;GD Chaves;69;68;69;70;
248.; Saudi Professional League;Al Fateh;69;73;69;66;
249.; Danish Superliga;Brøndby IF;69;71;71;68;
250.; English League Championship;Queens Park Rangers;69;67;68;69;
251.; German 2. Bundesliga;1. FC Kaiserslautern;69;70;68;69;
252.; Portuguese Primeira Liga;Estoril Praia;69;69;66;69;
253.; Cypriot First Division;APOEL Nicosia FC;69;70;68;66;
254.; German 2. Bundesliga;Karlsruher SC;69;74;70;68;
255.; Italian Serie A;U.C. Sampdoria;69;70;68;68;
256.; German 2. Bundesliga;SC Paderborn 07;69;71;67;69;
257.; Portuguese Primeira Liga;Portimonense SC;69;69;69;67;
258.; Argentina Primera División;Platense;69;68;69;69;
259.; Italian Serie B;Bari;69;63;69;68;
260.; French Ligue 2;FC Girondins de Bordeaux;69;70;68;70;
261.; Argentina Primera División;Newell’s Old Boys;69;68;70;70;
262.; Spanish Segunda División;Albacete BP;69;69;69;69;
263.; Argentina Primera División;Club Atlético Banfield;69;70;69;68;
264.; Argentina Primera División;Club Atlético Central Córdoba;69;71;68;69;
265.; Portuguese Primeira Liga;Casa Pia;69;69;66;70;
266.; UAE Pro League;Al Ain FC;69;78;70;68;
267.; English League Championship;Birmingham City;69;69;69;69;
268.; Argentina Primera División;Godoy Cruz;69;69;69;70;
269.; English League One;Ipswich Town;69;68;69;69;
270.; Spanish Segunda División;Burgos CF;69;69;70;69;
271.; Polish Ekstraklasa;Lech Pozna?;69;73;69;68;
272.; English League Championship;Sunderland;69;57;68;69;
273.; Portuguese Primeira Liga;Boavista FC;69;67;70;70;
274.; Colombian Categoría Primera A;Club Deportes Tolima;69;69;69;68;
275.; Holland Eredivisie;N.E.C. Nijmegen;69;70;68;68;
276.; Holland Eredivisie;SC Heerenveen;69;70;69;68;
277.; English League Championship;Bristol City;69;67;70;69;
278.; Chilean Primera División;Universidad Católica;69;72;69;70;
279.; Swiss Super League;FC Basel 1893;69;68;69;67;
280.; Ecuadorian Serie A;CS Emelec;69;70;68;68;
281.; Polish Ekstraklasa;Raków Cz?stochowa;69;69;69;67;
282.; Peruvian Primera División;Club Sporting Cristal;69;69;70;70;
283.; English League Championship;Swansea City;69;70;70;67;
284.; Belgian Pro League;KVC Westerlo;69;68;69;68;
285.; German 2. Bundesliga;1. FC Nürnberg;69;65;67;67;
286.; Turkish Süper Lig;Demir Grup Sivasspor;69;72;69;66;
287.; USA Major League Soccer;FC Dallas;69;73;71;65;
288.; USA Major League Soccer;Sporting Kansas City;69;72;70;66;
289.; Turkish Süper Lig;Gaziþehir Gaziantep F.K.;69;68;70;68;
290.; USA Major League Soccer;New York City FC;69;67;69;69;
291.; Swedish Allsvenskan;BK Häcken;69;66;70;68;
292.; Spanish Segunda División;Racing Santander;69;67;69;68;
293.; Italian Serie B;Venezia FC;69;70;68;69;
294.; USA Major League Soccer;Real Salt Lake;69;72;69;66;
295.; USA Major League Soccer;Orlando City Soccer Club;69;65;71;64;
296.; Turkish Süper Lig;Antalyaspor;69;71;69;69;
297.; Colombian Categoría Primera A;Junior FC;69;74;69;69;
298.; USA Major League Soccer;Nashville SC;69;71;70;69;
299.; Spanish Segunda División;FC Cartagena;69;68;69;70;
300.; USA Major League Soccer;Atlanta United;69;74;69;68;
301.; Belgian Pro League;Oud-Heverlee Leuven;69;65;69;67;
302.; Spanish Segunda División;SD Huesca;69;68;68;69;
303.; German 2. Bundesliga;FC St. Pauli;69;69;69;70;
304.; French Ligue 1;Angers SCO;69;70;70;69;
305.; Austrian Football Bundesliga;LASK Linz;69;69;70;69;
306.; South African Premier Division;Orlando Pirates;69;70;69;68;
307.; Portuguese Primeira Liga;Clube Sport Marítimo;69;72;68;70;
308.; Portuguese Primeira Liga;Santa Clara;69;69;68;69;
309.; French Ligue 2;FC Sochaux-Montbéliard;69;71;68;69;
310.; Austrian Football Bundesliga;FK Austria Wien;68;63;68;67;
311.; English League One;Sheffield Wednesday;68;68;69;67;
312.; French Ligue 2;Amiens SC;68;67;68;65;
313.; Spanish Segunda División;CD Leganés;68;69;68;69;
314.; Saudi Professional League;Al Wehda;68;74;68;67;
315.; German 2. Bundesliga;F.C. Hansa Rostock;68;69;68;67;
316.; USA Major League Soccer;Toronto FC;68;73;67;65;
317.; French Ligue 1;ESTAC Troyes;68;67;68;67;
318.; Italian Serie B;Ascoli;68;67;67;68;
319.; French Ligue 1;AJ Auxerre;68;68;68;69;
320.; German 2. Bundesliga;Holstein Kiel;68;68;68;67;
321.; Saudi Professional League;Damac FC;68;67;71;65;
322.; Swiss Super League;Servette FC;68;69;70;67;
323.; Argentina Primera División;Club Atlético Sarmiento;68;69;65;69;
324.; Polish Ekstraklasa;Legia Warszawa;68;68;69;67;
325.; Portuguese Primeira Liga;Gil Vicente FC;68;66;69;66;
326.; Argentina Primera División;Unión de Santa Fe;68;67;68;68;
327.; French Ligue 1;AC Ajaccio;68;67;69;67;
328.; Chinese Super League;Shandong Taishan;68;73;67;68;
329.; Holland Eredivisie;Vitesse;68;67;69;67;
330.; Holland Eredivisie;Fortuna Sittard;68;67;68;68;
331.; Spanish Segunda División;FC Andorra;68;65;67;67;
332.; Swiss Super League;FC St. Gallen 1879;68;66;69;67;
333.; Belgian Pro League;KV Mechelen;68;67;69;68;
334.; Chinese Super League;Wuhan Three Towns;68;74;67;68;
335.; English League Championship;Huddersfield Town;68;68;66;67;
336.; Argentina Primera División;Barracas Central;68;69;69;68;
337.; Romanian Liga I;FCSB (Steaua);68;70;69;68;
338.; Polish Ekstraklasa;Pogo? Szczecin;68;68;67;67;
339.; Chinese Super League;Shanghai Port FC;68;69;69;68;
340.; Norwegian Eliteserien;Molde FK;68;69;68;68;
341.; Saudi Professional League;Al Fayha;68;72;69;65;
342.; German 2. Bundesliga;SpVgg Greuther Fürth;68;67;68;67;
343.; USA Major League Soccer;Columbus Crew;68;71;69;66;
344.; USA Major League Soccer;D.C. United;68;69;70;67;
345.; USA Major League Soccer;New York Red Bulls;68;67;67;68;
346.; Portuguese Primeira Liga;FC Vizela;68;67;69;69;
347.; USA Major League Soccer;Chicago Fire Football Club;68;68;69;68;
348.; USA Major League Soccer;Colorado Rapids;68;67;65;67;
349.; USA Major League Soccer;Houston Dynamo;68;64;68;66;
350.; Italian Serie B;Brescia;68;67;67;68;
351.; USA Major League Soccer;Charlotte FC;68;73;69;67;
352.; French Ligue 2;Stade Malherbe Caen;68;68;67;69;
353.; Argentina Primera División;Gimnasia y Esgrima La Plata;68;69;68;68;
354.; Peruvian Primera División;FBC Melgar;68;69;68;68;
355.; Belgian Pro League;KV Kortrijk;68;70;67;66;
356.; USA Major League Soccer;Austin FC;68;68;70;65;
357.; Turkish Süper Lig;Aytemiz Alanyaspor;68;69;70;66;
358.; USA Major League Soccer;Vancouver Whitecaps FC;68;70;68;68;
359.; Danish Superliga;FC Nordsjælland;68;69;68;68;
360.; German 2. Bundesliga;1. FC Magdeburg;68;68;68;68;
361.; Austrian Football Bundesliga;SK Rapid Wien;68;73;67;68;
362.; South African Premier Division;Kaizer Chiefs;68;67;65;66;
363.; Portuguese Primeira Liga;FC Paços de Ferreira;68;68;68;69;
364.; Belgian Pro League;SV Zulte Waregem;68;70;68;66;
365.; Belgian Pro League;KV Oostende;68;68;68;66;
366.; Swiss Super League;FC Sion;68;73;67;67;
367.; Italian Serie B;Urbs Reggina 1914;68;68;68;67;
368.; Ecuadorian Serie A;C.D. Universidad Católica del Ecuador;68;71;67;67;
369.; English League Championship;Rotherham United;67;67;68;65;
370.; French Ligue 2;Grenoble Foot 38;67;65;67;67;
371.; French Ligue 2;Stade Lavallois Mayenne FC;67;67;67;66;
372.; USA Major League Soccer;Club de Foot Montréal;67;67;67;66;
373.; Holland Eredivisie;Sparta Rotterdam;67;67;68;66;
374.; Italian Serie B;Cosenza;67;69;67;67;
375.; Norwegian Eliteserien;Rosenborg BK;67;66;67;66;
376.; Norwegian Eliteserien;Viking FK;67;69;65;66;
377.; Swiss Super League;FC Lugano;67;69;69;64;
378.; Romanian Liga I;Universitatea Craiova;67;68;68;65;
379.; Uruguayan Primera División;Club Atlético River Plate;67;66;67;67;
380.; Italian Serie B;Ternana;67;70;65;68;
381.; French Ligue 2;En Avant de Guingamp;67;67;66;66;
382.; Scottish Premiership;Aberdeen;67;70;66;66;
383.; Scottish Premiership;Hibernian;67;66;68;65;
384.; English League One;Derby County;67;66;66;67;
385.; Bolivian Primera División;Club The Strongest;67;69;66;65;
386.; Swiss Super League;FC Zürich;67;66;69;67;
387.; Swiss Super League;FC Luzern;67;64;70;66;
388.; English League One;Plymouth Argyle;67;67;67;67;
389.; Saudi Professional League;Abha Club;67;66;69;64;
390.; Peruvian Primera División;Cienciano;67;69;68;66;
391.; Turkish Süper Lig;Atakaþ Hatayspor;67;69;67;67;
392.; German 2. Bundesliga;Eintracht Braunschweig;67;67;68;67;
393.; Korean K League 1;Incheon United FC;67;68;70;66;
394.; Korean K League 1;Suwon FC;67;68;67;65;
395.; Swedish Allsvenskan;AIK;67;65;64;67;
396.; Korean K League 1;Pohang Steelers;67;71;67;69;
397.; Korean K League 1;Jeju United FC;67;67;64;67;
398.; French Ligue 2;Paris FC;67;68;68;67;
399.; Chilean Primera División;Deportivo Ñublense;67;70;66;66;
400.; Italian Serie B;Modena;67;67;67;68;
401.; Korean K League 1;FC Seoul;67;60;68;67;
402.; Belgian Pro League;KSV Cercle Brugge;67;68;65;66;
403.; Uruguayan Primera División;Liverpool Fútbol Club;67;69;68;66;
404.; Romanian Liga I;CFR Cluj;67;66;68;66;
405.; German 3. Bundesliga;VfL Osnabrück;67;66;68;66;
406.; Turkish Süper Lig;Kasimpaþa SK;67;69;67;66;
407.; French Ligue 2;Pau FC;67;67;66;66;
408.; Danish Superliga;Randers FC;67;66;64;66;
409.; Romanian Liga I;FC Farul Constan?a;67;65;69;65;
410.; Danish Superliga;Aalborg BK;67;69;68;66;
411.; Spanish Segunda División;Málaga CF;67;70;67;66;
412.; Holland Eredivisie;FC Groningen;67;69;67;66;
413.; Turkish Süper Lig;Ümraniyespor;67;68;67;67;
414.; Holland Eredivisie;SC Cambuur;67;67;67;65;
415.; Italian Serie B;SPAL;67;68;65;65;
416.; Italian Serie B;Benevento;67;68;67;68;
417.; Italian Serie B;Perugia;67;66;67;66;
418.; French Ligue 2;Nîmes Olympique;67;68;65;65;
419.; Spanish Segunda División;SD Ponferradina;67;66;67;67;
420.; English League Championship;Reading;66;59;65;64;
421.; English League One;Bolton Wanderers;66;67;65;65;
422.; Romanian Liga I;FC U Craiova 1948;66;65;66;65;
423.; Korean K League 1;Daegu FC;66;69;65;65;
424.; Saudi Professional League;Al Raed;66;68;67;62;
425.; Saudi Professional League;Al Taawoun;66;68;71;61;
426.; German 3. Bundesliga;1. FC Saarbrücken;66;65;66;66;
427.; Danish Superliga;Silkeborg IF;66;65;66;65;
428.; Holland Eredivisie;Go Ahead Eagles;66;67;66;67;
429.; Romanian Liga I;Rapid Bucure?ti;66;67;65;66;
430.; French Ligue 2;SC Bastia;66;65;69;64;
431.; Argentina Primera División;Arsenal de Sarandí;66;65;67;67;
432.; Swedish Allsvenskan;IFK Göteborg;66;68;63;66;
433.; German 3. Bundesliga;SV Elversberg;66;66;66;66;
434.; Paraguayan Primera División;Club Cerro Porteño;66;69;65;64;
435.; English League One;Charlton Athletic;66;62;66;65;
436.; Australian A-League;Melbourne City FC;66;73;68;65;
437.; Chinese Super League;Shanghai Shenhua FC;66;70;65;64;
438.; Italian Serie B;Südtirol;66;68;65;64;
439.; Holland Eredivisie;RKC Waalwijk;66;66;64;67;
440.; French Ligue 2;Valenciennes FC;66;65;65;65;
441.; English League Championship;Blackpool;66;66;65;66;
442.; English League One;Barnsley;66;64;67;63;
443.; Venezuelan Primera División;Caracas Fútbol Club;66;67;66;66;
444.; Venezuelan Primera División;Deportivo Táchira FC;66;67;66;66;
445.; Norwegian Eliteserien;Vålerenga Fotball;66;65;67;66;
446.; Chinese Super League;Beijing Guoan FC;66;71;65;67;
447.; Turkish Süper Lig;Yukatel Kayserispor;66;66;68;66;
448.; Polish Ekstraklasa;Zag??bie Lubin;66;66;66;65;
449.; Danish Superliga;Viborg FF;66;64;67;66;
450.; French Ligue 2;US Quevilly Rouen Métropole;66;64;66;65;
451.; Holland Eredivisie;Excelsior;66;65;65;65;
452.; Swedish Allsvenskan;IF Elfsborg;66;66;63;67;
453.; Swedish Allsvenskan;Djurgårdens IF;66;66;68;66;
454.; Austrian Football Bundesliga;RZ Pellets Wolfsberger AC;66;67;66;67;
455.; Korean K League 1;Suwon Samsung Bluewings;66;64;69;65;
456.; Belgian Pro League;KAS Eupen;66;67;67;65;
457.; Romanian Liga I;Sepsi OSK Sf. Gheorghe;66;65;66;65;
458.; Turkish Süper Lig;Ýstanbulspor;66;64;65;66;
459.; German 3. Bundesliga;SV Wehen Wiesbaden;66;65;64;66;
460.; Polish Ekstraklasa;Piast Gliwice;66;67;65;65;
461.; Polish Ekstraklasa;Radomiak Radom;66;66;66;66;
462.; Korean K League 1;Gangwon FC;66;66;66;65;
463.; Saudi Professional League;Al Khaleej;66;65;66;66;
464.; Spanish Segunda División;CD Mirandés;66;64;66;66;
465.; Holland Eredivisie;FC Emmen;66;66;65;65;
466.; Spanish Segunda División;UD Ibiza;66;67;65;65;
467.; French Ligue 2;Dijon FCO;66;69;65;65;
468.; Spanish Segunda División;CD Lugo;66;66;66;66;
469.; Turkish Süper Lig;GZT Giresunspor;66;68;67;66;
470.; Paraguayan Primera División;Club Nacional;66;61;66;67;
471.; Colombian Categoría Primera A;La Equidad;66;64;66;67;
472.; Uruguayan Primera División;Montevideo Wanderers;66;65;66;66;
473.; Uruguayan Primera División;Cerro Largo Fútbol Club;66;67;65;66;
474.; Colombian Categoría Primera A;Deportivo Cali;66;65;68;66;
475.; Peruvian Primera División;Sport Boys;66;66;67;66;
476.; Austrian Football Bundesliga;Austria Lustenau;65;66;64;63;
477.; Danish Superliga;Odense Boldklub;65;65;66;65;
478.; Venezuelan Primera División;Metropolitanos de Caracas FC;65;65;66;64;
479.; Romanian Liga I;FC Voluntari;65;64;64;65;
480.; German 3. Bundesliga;TSV 1860 München;65;66;65;64;
481.; Australian A-League;Melbourne Victory;65;67;65;64;
482.; French Ligue 2;FC Annecy;65;66;65;63;
483.; Norwegian Eliteserien;Lillestrøm SK;65;63;67;65;
484.; French Ligue 2;Rodez Aveyron Football;65;65;64;65;
485.; German 3. Bundesliga;Viktoria Köln;65;63;65;65;
486.; Spanish Segunda División;Villarreal Club de Fútbol B;65;65;66;65;
487.; Swiss Super League;Grasshopper Club Zürich;65;64;65;65;
488.; Norwegian Eliteserien;Sarpsborg 08 FF;65;60;66;62;
489.; German 2. Bundesliga;SV Sandhausen;65;68;64;65;
490.; Italian Serie B;Cittadella;65;64;65;64;
491.; English League Championship;Wigan Athletic;65;67;63;64;
492.; Polish Ekstraklasa;Warta Pozna?;65;66;64;65;
493.; German 3. Bundesliga;FC Ingolstadt 04;65;64;64;66;
494.; Chinese Super League;Chengdu Rongcheng F.C.;65;70;63;66;
495.; English League One;Wycombe Wanderers;65;64;65;64;
496.; English League One;Peterborough United;65;71;65;65;
497.; Ecuadorian Serie A;Delfín Sporting Club;65;67;66;63;
498.; Danish Superliga;Lyngby BK;65;63;66;64;
499.; Polish Ekstraklasa;Jagiellonia Bia?ystok;65;70;64;64;
500.; English National League;Wrexham AFC;65;59;63;65;
501.; Polish Ekstraklasa;Cracovia;65;65;66;65;
502.; German 2. Bundesliga;DSC Arminia Bielefeld;65;66;65;63;
503.; English League One;Oxford United;65;65;65;65;
504.; Romanian Liga I;Universitatea Cluj;65;66;65;65;
505.; Polish Ekstraklasa;Górnik Zabrze;65;63;65;65;
506.; Belgian Pro League;Sint-Truidense VV;65;64;65;66;
507.; Saudi Professional League;Al Tai;65;65;67;64;
508.; Swedish Allsvenskan;IFK Norrköping;65;64;65;63;
509.; Austrian Football Bundesliga;WSG Tirol;65;63;66;64;
510.; Swedish Allsvenskan;Hammarby IF;65;64;63;65;
511.; Austrian Football Bundesliga;TSV Egger Glas Hartberg;65;64;65;64;
512.; Romanian Liga I;AFC Hermannstadt;65;63;65;64;
513.; Venezuelan Primera División;Estudiantes de Mérida;65;65;65;65;
514.; Finnish Veikkausliiga;HJK Helsinki;65;63;65;64;
515.; German 3. Bundesliga;SG Dynamo Dresden;65;65;66;64;
516.; Austrian Football Bundesliga;SK Austria Klagenfurt;65;64;65;67;
517.; English League One;Portsmouth;65;70;64;66;
518.; Austrian Football Bundesliga;SV Ried;65;62;62;65;
519.; French Ligue 2;Chamois Niortais Football Club;65;61;65;64;
520.; Belgian Pro League;Seraing;65;66;65;64;
521.; Polish Ekstraklasa;Lechia Gda?sk;65;68;64;64;
522.; Venezuelan Primera División;Deportivo La Guaira FC;65;64;65;64;
523.; Paraguayan Primera División;Guaireña FC;65;64;66;64;
524.; Bolivian Primera División;Independiente Petrolero;65;66;65;65;
525.; Chilean Primera División;CD Everton de Viña del Mar;65;65;63;69;
526.; Chilean Primera División;Unión La Calera;65;66;66;65;
527.; Bolivian Primera División;Club Always Ready;65;67;65;66;
528.; English League One;Milton Keynes Dons;64;65;63;63;
529.; German 3. Bundesliga;Rot-Weiß Essen;64;64;64;64;
530.; German 2. Bundesliga;SSV Jahn Regensburg;64;63;64;63;
531.; German 3. Bundesliga;MSV Duisburg;64;65;64;64;
532.; Chinese Super League;Zhejiang Professional FC;64;72;64;62;
533.; Paraguayan Primera División;General Caballero (JLM);64;63;65;64;
534.; Australian A-League;Western Sydney Wanderers;64;69;63;63;
535.; Polish Ekstraklasa;Widzew ?ód?;64;65;65;63;
536.; Polish Ekstraklasa;PGE FKS Stal Mielec;64;66;65;63;
537.; Australian A-League;Western United FC;64;64;65;64;
538.; Scottish Premiership;Livingston FC;64;64;64;63;
539.; Bolivian Primera División;Club Deportivo Oriente Petrolero;64;67;64;64;
540.; English League One;Shrewsbury Town;64;64;63;63;
541.; English League One;Fleetwood Town;64;63;63;65;
542.; Holland Eredivisie;FC Volendam;64;64;63;64;
543.; English League Two;Stockport County;64;63;65;63;
544.; German 3. Bundesliga;Hallescher FC;64;64;63;64;
545.; English League One;Lincoln City;64;65;64;64;
546.; Chinese Super League;Changchun Yatai FC;64;72;64;62;
547.; Norwegian Eliteserien;Strømsgodset IF;64;62;64;65;
548.; Romanian Liga I;AFC UTA Arad;64;64;64;64;
549.; Swedish Allsvenskan;Kalmar FF;64;64;65;65;
550.; Austrian Football Bundesliga;SC Rheindorf Altach;64;64;64;64;
551.; Chinese Super League;Henan Songshan Longmen FC;64;68;65;63;
552.; German 3. Bundesliga;Sportclub Verl;64;64;64;64;
553.; English League Two;Leyton Orient;64;64;64;63;
554.; English League One;Burton Albion;64;64;64;64;
555.; Bolivian Primera División;Club Deportivo Guabirá;64;61;64;64;
556.; English League One;Bristol Rovers;64;65;65;63;
557.; Swiss Super League;FC Winterthur;64;65;64;63;
558.; Scottish Premiership;St. Johnstone FC;64;63;63;62;
559.; German 3. Bundesliga;SV Waldhof Mannheim 07;64;64;64;65;
560.; Scottish Premiership;St. Mirren;64;62;68;64;
561.; Norwegian Eliteserien;Hamarkameratene;64;64;63;64;
562.; Polish Ekstraklasa;Korona Kielce;64;64;64;63;
563.; Polish Ekstraklasa;?l?sk Wroc?aw;64;67;64;64;
564.; German 3. Bundesliga;FC Erzgebirge Aue;64;66;64;63;
565.; Romanian Liga I;Petrolul Ploie?ti;64;63;65;64;
566.; German 3. Bundesliga;FSV Zwickau;64;64;63;63;
567.; German 3. Bundesliga;SV Meppen;64;64;64;63;
568.; Korean K League 1;Sangju Sangmu FC;64;63;65;62;
569.; Polish Ekstraklasa;Wis?a P?ock;64;64;66;62;
570.; Argentina Primera División;Club Atlético Aldosivi;64;59;65;65;
571.; Saudi Professional League;Al Batin;64;65;64;61;
572.; Polish Ekstraklasa;Mied? Legnica;64;64;63;64;
573.; Peruvian Primera División;Ayacucho;64;63;65;63;
574.; Bolivian Primera División;Club Deportivo Jorge Wilstermann;64;63;64;64;
575.; Bolivian Primera División;Royal Pari;64;63;65;63;
576.; Ecuadorian Serie A;Mushuc Runa;64;64;64;64;
577.; Ecuadorian Serie A;9 de Octubre;64;65;65;64;
578.; Venezuelan Primera División;Hermanos Colmenarez;64;64;65;65;
579.; Scottish Premiership;Dundee United;64;65;65;62;
580.; Saudi Professional League;Al Adalah;64;68;65;60;
581.; Romanian Liga I;AFC Chindia Târgovi?te;64;64;64;63;
582.; English League Two;Salford City;63;63;63;64;
583.; English League Two;Gillingham;63;63;64;63;
584.; English League Two;Bradford City;63;63;63;61;
585.; Australian A-League;Adelaide United;63;63;62;63;
586.; Australian A-League;Perth Glory;63;66;62;63;
587.; Australian A-League;Sydney FC;63;65;62;63;
588.; English League One;Forest Green Rovers;63;62;61;63;
589.; Rep. Ireland Premier Division;Shamrock Rovers;63;64;61;63;
590.; Swedish Allsvenskan;IK Sirius;63;61;65;61;
591.; Scottish Premiership;Kilmarnock;63;64;62;64;
592.; Scottish Premiership;Motherwell;63;61;63;62;
593.; German 3. Bundesliga;Borussia Dortmund II;63;63;63;62;
594.; Chinese Super League;Shijiazhuang Ever Bright F.C.;63;69;61;63;
595.; English League Two;Stevenage;63;62;64;64;
596.; Scottish Premiership;Ross County FC;63;63;64;62;
597.; English League One;Port Vale;63;62;63;64;
598.; English League Two;Northampton Town;63;65;64;63;
599.; English League One;Exeter City;63;63;63;63;
600.; English League One;Cheltenham Town;63;63;62;63;
601.; English League Two;Mansfield Town;63;62;63;63;
602.; English League One;Cambridge United;63;63;63;64;
603.; Chinese Super League;Tianjin Jinmen Tiger FC;63;70;65;62;
604.; Romanian Liga I;FC Botoþani;63;61;64;64;
605.; Norwegian Eliteserien;Tromsø IL;63;61;64;62;
606.; Australian A-League;Macarthur FC;63;72;62;62;
607.; Norwegian Eliteserien;FK Haugesund;63;63;64;62;
608.; English League Two;Carlisle United;63;62;64;63;
609.; Norwegian Eliteserien;Aalesunds FK;63;62;62;63;
610.; Swedish Allsvenskan;Degerfors IF;63;62;63;63;
611.; Argentina Primera División;Patronato;63;61;65;63;
612.; Indian Super League;ATK Mohun Bagan FC;63;65;64;63;
613.; Swedish Allsvenskan;IFK Värnamo;63;68;63;62;
614.; Paraguayan Primera División;Club Sol de América;63;62;64;63;
615.; Chilean Primera División;Unión Española;63;65;59;66;
616.; Chilean Primera División;CD Antofagasta;63;65;63;63;
617.; Romanian Liga I;Campionii FC Arges;63;63;63;63;
618.; Danish Superliga;AC Horsens;63;66;63;63;
619.; Romanian Liga I;CS Mioveni;63;66;63;63;
620.; German 3. Bundesliga;VfB Oldenburg;63;63;62;63;
621.; English League Two;Walsall;62;62;61;62;
622.; Australian A-League;Brisbane Roar;62;61;63;63;
623.; Australian A-League;Central Coast Mariners;62;60;63;62;
624.; Australian A-League;Newcastle Jets;62;58;64;61;
625.; English League Two;Grimsby Town;62;63;62;62;
626.; English League Two;Harrogate Town;62;64;61;62;
627.; German 3. Bundesliga;SC Freiburg II;62;63;62;61;
628.; English League Two;Barrow;62;61;61;61;
629.; English League Two;AFC Wimbledon;62;62;62;60;
630.; English League Two;Swindon Town;62;62;62;61;
631.; English League Two;Colchester United;62;59;61;61;
632.; Indian Super League;Mumbai City FC;62;62;64;61;
633.; Norwegian Eliteserien;Odds BK;62;60;62;63;
634.; Rep. Ireland Premier Division;Derry City;62;60;62;61;
635.; Swedish Allsvenskan;Mjällby AIF;62;62;60;63;
636.; Norwegian Eliteserien;Kristiansund BK;62;63;62;62;
637.; German 3. Bundesliga;SpVgg Bayreuth;62;63;63;62;
638.; Rep. Ireland Premier Division;Dundalk FC;61;65;60;60;
639.; Swedish Allsvenskan;Varbergs BoIS FC;61;58;60;62;
640.; English League Two;Doncaster Rovers;61;62;60;61;
641.; Indian Super League;FC Goa;61;65;62;60;
642.; Indian Super League;Kerala Blasters FC;61;64;60;60;
643.; Australian A-League;Wellington Phoenix;61;62;62;61;
644.; Chinese Super League;Shenzhen FC;61;61;62;59;
645.; Rep. Ireland Premier Division;St. Patrick’s Athletic;61;60;61;60;
646.; Chinese Super League;Meizhou Hakka;61;59;61;63;
647.; English League Two;Tranmere Rovers;61;62;61;60;
648.; English League Two;Sutton United;61;61;61;62;
649.; Norwegian Eliteserien;Sandefjord Fotball;61;64;60;61;
650.; English League One;Accrington Stanley;61;59;62;59;
651.; Chinese Super League;Dalian Professional Football Club;61;64;61;59;
652.; Swedish Allsvenskan;GIF Sundsvall;61;63;59;62;
653.; Swedish Allsvenskan;Helsingborgs IF;61;61;62;61;
654.; Korean K League 1;Seongnam FC;61;63;59;59;
655.; English League Two;Crawley Town;60;58;60;60;
656.; Rep. Ireland Premier Division;Bohemian FC;60;61;60;60;
657.; English League One;Morecambe;60;57;60;61;
658.; English League Two;Crewe Alexandra;60;62;60;61;
659.; English League Two;Newport County;60;61;60;60;
660.; Indian Super League;Bengaluru FC;60;62;60;61;
661.; Norwegian Eliteserien;FK Jerv;60;62;61;58;
662.; English League Two;Hartlepool United;60;60;62;59;
663.; English League Two;Rochdale;60;59;60;61;
664.; Indian Super League;SC East Bengal FC;59;66;60;58;
665.; Rep. Ireland Premier Division;Sligo Rovers;59;63;58;60;
666.; Rep. Ireland Premier Division;Shelbourne FC;59;60;57;59;
667.; Indian Super League;Odisha FC;59;60;59;59;
668.; Indian Super League;Hyderabad FC;58;58;60;56;
669.; Indian Super League;Jamshedpur FC;58;64;58;55;
670.; Chinese Super League;Wuhan FC;58;70;59;54;
671.; Chinese Super League;Guangzhou FC;58;53;60;57;
672.; Rep. Ireland Premier Division;Drogheda United;57;56;58;57;
673.; Indian Super League;NorthEast United FC;57;57;61;57;
674.; Indian Super League;Chennaiyin FC;57;62;57;54;
675.; Rep. Ireland Premier Division;Finn Harps;57;55;57;57;
676.; Chinese Super League;Guangzhou City;56;57;60;53;
677.; Rep. Ireland Premier Division;UCD AFC;55;54;55;55;
678.; Chinese Super League;Hebei FC;52;52;50;54;
